{
	"class_name" : "PinholeCameraParameters",
	"extrinsic" : 
	[
		0.19746852973827475,
		-0.37597044823732928,
		0.90534656447971673,
		0.0,
		-0.24190346121472217,
		-0.91366053654116286,
		-0.32666058749052057,
		0.0,
		0.94999415535851683,
		-0.15450128161130694,
		-0.27136775557372711,
		0.0,
		-0.099884464622973068,
		0.33022891209946054,
		1.422749810235634,
		1.0
	],
	"intrinsic" : 
	{
		"height" : 1061,
		"intrinsic_matrix" : 
		[
			918.85295341528945,
			0.0,
			0.0,
			0.0,
			918.85295341528945,
			0.0,
			959.5,
			530.0,
			1.0
		],
		"width" : 1920
	},
	"version_major" : 1,
	"version_minor" : 0
}